one13kyypuaczvz7jdl64lht99m0xfqekxd3fcu2pm,0x8d8840F3b81305E937FaaFEEb2976f32419b19b1
one1t5necyk0sxlzt4w4zq62jcmy29gj7vt9sq0f66,0x5d279C12Cf81BE25D5D51034A9636451512F3165
one194hfumyvjmsqqhecjwrwpzkpkzefru9kt0uyqt,0x2D6E9E6c8c96e0005f389386e08Ac1B0b291F0b6
one1kaq6f42rd7e77j3n9eup5ldry5xtd5kzm0tud4,0xb741a4d5436Fb3Ef4A332e781a7da3250Cb6d2c2
one1386h078jeqxqukfyuqqfv9ap7550r76n28uc0f,0x89F577F8f2c80c0E5924E0009617a1F528F1Fb53
one1d87fcpq4g73fmgxeq704s8x5qnjxyecjt28kc5,0x69fc9C041547a29DA0D9079F581Cd404E4626712
one1zds3yfq3duelych87e6prkgjsc90emmtqk5nwv,0x13611224116F33F262e7F67411D912860aFcEf6b
one123km20ptyrfr5myh55vme036jzxlpt8rdcxlg4,0x546db53C2B20D23a6c97a519BcBE3A908dF0aCE3
one12sjzyan9r88fedkkyp44qylayxec7qhy59m60l,0x542422766519CE9cb6D6206b5013FD21b38F02e4
one1mdn4aqncga4r8hg4khzn55ke9ne8kvjc2epdnx,0xDB675E8278476A33dD15b5C53a52d92Cf27B3258
one18k9q9u7ax43nvcnkceh3q5jy4agjfm45lq09y4,0x3D8a02f3Dd3563366276C66F105244af5124Eeb4
one13v6xh975w3vmxtp7s6jc8ppqvza3aumq7ghzpe,0x8B346b97D47459B32C3E86A583842060Bb1EF360
one1jl0qjm38xt5ed77nsqx0dv4372mthf72jk383e,0x97DE096E2732e996fBd3800cF6b2B1f2B6BBa7CA
one147je4vjq9glrzgchy4cfy6rwsy760yxz4hc50q,0xaFa59aB2402A3e312317257092686e813DA790c2
one1rpay3ks0epgj4utuk0pukc7sa0megreqrn83aj,0x187a48DA0fC8512af17cb3c3Cb63d0ebF7940F20
one16c0hhsvhyy0gzwf02t6demds9dqg0xjhsn6px0,0xD61f7bc197211E81392f52f4DCeDb02B40879A57
one1jqup4gt4wmvcgv6jywg9z3ze4rprqpxef4uput,0x90381AA17576D98433522390514459A8c23004d9
one13gzy3sgq3cg34vg86s3hwwa7e23mpun7kp20gz,0x8A0448c1008e111ab107D423773BbecaA3B0F27E
one10g3ptqurfpr26n2377fajekfc54d6hn8r8yhnf,0x7a221583834846AD4d51F793d966c9c52add5E67
one1q4ujlg59y68fe83jngc4s88lxcwzc2u6wy67cu,0x05792FA285268E9c9E329a31581cfF361c2c2B9a
one1aj5mmx208lvgz4ezk66c6hgw33gtlru64mnp4h,0xeCa9bd994F3fd8815722b6b58D5D0E8C50BF8F9a
one1hmmnrk6jmpwcgs68ay4ya3l53pd5yte0lfgww9,0xbEf731dB52D85D844347E92A4eC7f4885b422f2f
one1a2047e0edynwj0rnf9rf383zccq20gf90tenm5,0xEA9f5F65F96926e93c734946989e22C600A7a125
one13459rctqh8995kyt7f9e8hyd00fp3ldt8eq7p9,0x8D6851e160b9ca5A588BF24b93DC8d7Bd218fdAB
one1pjxxx8g5kum97cw7t876l3pqwsd9l6axvl8nlz,0x0c8C631d14b7365f61de59fDaFc420741a5Feba6
one129rgtre08kc2krryehskffy6dvsmxv94efytef,0x5146858F2F3DB0AB0C64Cde164A49a6B21b330B5
one1m023w78wq8hzvpcdvytx4aj4p6q80kqwhvllg2,0xdbD51778eE01Ee26070D61166AF6550e8077d80E
one1qf62utrmhurff2f2lnkn9pj354a2tch0kpn60x,0x0274Ae2c7bbF0694A92AfCed328651a57aA5e2Ef
one1vgug2upd5sy2duxu99chcdxjdfpt9jejqlksh6,0x623885702Da408A6F0dC29717C34D26A42B2cb32
one17t6eusjla0922llys37qhn0vnwzgp07sueft74,0xf2f59e425fEBCAA57Fe4847C0bCdEc9b8480bFD0
one1rf8850ra2mpjt6p8l5qau3dsgxmpeat384reeh,0x1A4E7a3c7D56c325E827fD01DE45b041b61Cf571
one16p33hl4w0js7m5l02svjezrlr335dt7gahyudl,0xD0631BfEae7ca1Edd3eF54192C887F1C6346Afc8
one1gs6hdt6r7md8yxzmk0ccngzrugyc8upawdcctw,0x443576Af43f6dA72185bB3F189A043E20983F03d
one17xda8tplrg2qpk7sa5vcf7lmazjp9ahnczrk5y,0xf19bD3Ac3f1A1400DbD0Ed1984fbFBe8A412F6F3
one1nnwgn7nc4j8nphlepq468d4q82kclyytat9dsp,0x9CdC89Fa78Ac8f30DfF9082bA3B6a03Aad8F908b
one1f67juhafhaqcg2t82q6l6u08h4jwj0dalcq7g7,0x4EBD2E5FA9Bf418429675035FD71e7Bd64e93dbd
one1g79ygz6sam8rhuve9cpjwka66ne5xz3gwlwc7g,0x478a440B50EEce3Bf1992E03275bbad4F3430a28
one1nnpf5tsjt38hh5dpz0ls3fj35war6gvdzj7f4t,0x9cC29a2E125C4F7Bd1a113Ff08A651A3ba3D218D